{"parent":"index.json","context":{"market":"bd"},"sections":{"slideshow_yfrkw":{"type":"slideshow","disabled":false,"settings":{"layout":"full_bleed","slide_height":"adapt_image","slider_visual":"dots","auto_rotate":true,"change_slides_speed":3,"header-53b28f22b5dbb210517d4278bb2d43e4":null,"image_behavior":"none","header-a85df2e94b4ec138762342f186bd2f4c":null,"show_text_below":true,"header-dac198edac066efac218987827c43e99":null,"accessibility_info":"Slideshow about our brand"},"blocks":{"slide_rxtYR":{"type":"slide","disabled":false,"settings":{"image":"shopify:\/\/shop_images\/img_slider_5_1920x_252b272d-9228-4efe-bac3-0ef230468a2a.webp","heading":"","heading_size":"hxl","subheading":"","button_label":"","link":"","button_style_secondary":false,"box_align":"middle-center","show_text_box":false,"text_alignment":"center","image_overlay_opacity":0,"color_scheme":"","header-7a35877a9634f93d631fbe5012a2a693":null,"text_alignment_mobile":"center"}},"slide_YnAqR":{"type":"slide","disabled":false,"settings":{"image":"shopify:\/\/shop_images\/img_slider_6_1920x_40620758-e8cd-440b-84e1-693f13cbe594.webp","heading":"","heading_size":"hxxl","subheading":"","button_label":"","link":"","button_style_secondary":false,"box_align":"middle-center","show_text_box":false,"text_alignment":"center","image_overlay_opacity":0,"color_scheme":"scheme-1","header-77b6dac4e7243b1990e69a7a07813579":null,"text_alignment_mobile":"center"}}},"block_order":["slide_rxtYR","slide_YnAqR"]}},"order":["slideshow_yfrkw"]}